timestamp,prompt,output
2025-05-13T18:57:54.522840,write about football,.
2025-05-13T19:04:46.817258,write about football,"in the country, it's hard to get past it. I think they are trying to get us in the front line.”

The Cowboys are also in the final stretch of the season after struggling to make the most of it. The team had a run in the NFC Championship game to secure its NFC North title, and a Super Bowl win in the NFC East.

The Cowboys are currently 13-6 with a 2-6 record."
2025-05-13T19:05:18.436214,where is india,", he can help you.

I'm just asking a question, can someone please explain this to me? I want to know if any of the ""wearing"" tools are working in a way to detect the number of buttons on the right or left? If you're using an old Windows 7 machine, is there a Windows 7 thing you can tell me where to get the wlan0 (i think its the one you're using)? Is there a way to tell me to turn off"
2025-05-13T19:09:18.601604,where is india,"? I do not know. Do you have any questions about the relationship between india and india?

I have read some of the articles in that forum and I have found a very interesting article on the topic in the linked article. It is by no means as old as india but it seems to have a few more things added to it.

However india and india are not the same. They are both different.

It does make me wonder why india"
2025-05-13T19:09:56.228921,what is football,"is. I am a football lover. In my view, it is a form of social media that can be used to support the community. I have always enjoyed playing on social media but, unfortunately, I am the only one who has never seen a sports game played on it. I am not a fan of games like the NFL or soccer but, I think it is the best way to support people in their pursuit of the game. I hope to see more of these games played on the web."
2025-05-13T19:10:54.613229,write a passage about football,". That’s what I want to ask you.

I believe you can go all in with the following:

A) In-depth analysis of what the author wrote

B) A discussion on the merits of the subject

C) A discussion on the arguments and data

D) A discussion on the book’s implications for other fields

I hope this answers your question. If you’re interested, I would ask you to follow up"
2025-05-13T19:11:28.712525,other names for football,"-loving Americans, like David A. Scott and Jack Nicklaus, or maybe all those names for a generation in the 1920s.

The idea of “America the Beautiful” was first suggested by a British poet, William of Orange, in 1841. He called it “a picture of America” and the only way to make this kind of film ever-evolving picture of America is to create it. He thought that it would be better if the world saw American"
2025-05-13T19:12:39.057163,where is india,", india, india.

You don’t like the new model, you don’t like the one that I’ve introduced for me, but it’s a bit of a different beast than the new one that I have seen for months. Now, the new model is still my favorite, but it is too easy for me to be excited about it.

The new model, like the one before, is very clean, just like the old"
2025-05-13T19:15:54.076403,what is india,", india

I am a girl and I am a girl, and I am a girl, and I am a girl, and I am a girl, and I am a girl, and I am a girl, and I am a girl, and I am a girl, and I am a girl, and I am a girl, and I am a girl, and I am a girl, and I am a girl, and I am a girl, and I am a girl, and"
2025-05-13T19:18:31.010460,where is india,"?

A:

I think you are looking for the following:

The following is a list of all the items in the list.

The list is sorted by the number of items in the list.

The list is sorted by the number of items in the list.

The list is sorted by the number of items in the list.

The list is sorted by the number of items in the list.

The list is sorted by the number of items in the list.

The list is sorted by the number of items in the list.

The list is sorted by the number of items in the list.

The list is sorted by the number of items in the list.

The list is sorted by the number of items in the list.

The list is sorted by the number of items in the list.

The list is sorted by the number of items in the list."
2025-05-13T19:20:01.922776,where is india,"- and the

United States."
2025-05-13T19:20:22.886946,hi,", I'm going to be honest. I'm not going to make the same mistake I made in the first place. I'm going to be honest and tell you this. I don't want you to know. I don't want to be the one to tell you. I don't want you to know that. I don't want you to know that. I don't want you to know that. I don't want you to know that. I don't want you to know that. I don't want you to know that. I don't want you to know that. I don't want you to know that. I don't want you to know that. I don't want you to know that. I don't want you to know that. I don't want you to know that. I don't want you to know that. I don't want you to know that. I don't want you to know that. I don't want you to know that."
2025-05-13T19:23:15.320712,Can you provide a detailed description of India?,"India has been a great place to be and a great place to live. I would like to thank you for your time and support. I hope that this information will be useful to you and the community.

Thank you for your time and support. I hope that this information will be useful to you and the community.

Please provide your country and city name, city code and postal code, where you are located.

India is the largest country in the world.

I would like to thank you for your time and support. I hope that this information will be useful to you and the community.

Please provide your country and city name, city code and postal code, where you are located.

India is the largest country in the world.

I would like to thank you for your time and support. I hope that this information will be useful to you and the community.

Please provide"
2025-05-13T19:26:24.991221,Can you provide a detailed description of India?,India is a country with a population of about 1.5 million. India is a country with a population of about 1.5 million. India is a country with a population of about 1.5 million. India is a country with a population of about 1.5 million. India is a country with a population of about 1.5 million. India is a country with a population of about 1.5 million. India is a country with a population of about 1.5 million. India is a country with a population of about 1.5 million. India is a country with a population of about 1.5 million. India is a country with a population of about 1.5 million. India is a country with a population of about 1.5 million. India is a country with a population of about 1.5 million. India is a country with a population of about 1.5 million. India is a country with a population
2025-05-13T19:28:10.130936,can you tell me what is the current population of India ,"""

""I don't know.""

""I'm sorry, but I don't know.""

""I'm sorry, but I don't know.""

""I'm sorry, but I don't know.""

""I'm sorry, but I don't know.""

""I'm sorry, but I don't know.""

""I'm sorry, but I don't know.""

""I'm sorry, but I don't know."""
2025-05-13T19:28:41.406911,can you write a hello python code in python ,"import sys

def hello_world():
    print(""Hello world!"")

def hello_world():
    print(""Hello world!"")

def hello_world():
    print(""Hello world!"")

if __name__ == '__main__':
    hello_world()

A:

You can use the python-sig-import module to import the Python object.
import sys"
2025-05-13T19:30:39.697984,give a passage on sex,", and the

""I'm not a virgin,"" he said. ""I'm a man.""

""You're not a man,"" I said. ""You're a woman.""

""I'm not a woman,"" he said. ""I'm a man.""

""You're a man,"" I said. ""You're a woman.""

""I'm not a woman,"" he said. ""I'm a man.""

""You're a man,"""
2025-05-13T19:35:35.777245,can you describe about india,"?

~~~
mattbalding
I'm not sure what you mean by ""india"" in the first place, but I think it's
something like:
[https://news.ycombinator.com/item?id=12096303](https%3A%2F%22%20%E2%8B%9D%B5%A0%C7%BE%BC%AC%BD%AD%CD%CE%EC%ED%EE%FF%FD%FE%FB%FA%FC%CF%EF%F4%BF%EA%CB%EB%CC%DC%DD%DE"
2025-05-13T19:36:45.247278,can you describe about india,"?

~~~
mattbalding
I'm not sure what you mean by ""india"" in the first place, but I'd say it's a
pretty common term for people who have lived in India for a long time. It's
also used to refer to people living in other parts of the world, such as the
United States, Canada, Australia, New Zealand, etc."
2025-05-13T19:37:45.150788,can you describe about india,"?

A:

I think you are looking for the following:

India is a language that is used in the world of the world. It is a language that is used in the world of the world.

India is a language that is used in the world of the world.

India is a language that is used in the world of the world.

India is a language that is used in the world of the world."
2025-05-13T19:38:14.704719,can you describe about america,"?

A:

I think you are looking for the following:

The first sentence is the first sentence of the first paragraph of the first sentence of the first paragraph of the first paragraph of the first paragraph of the first paragraph of the first paragraph of the first paragraph of the first paragraph of the first paragraph of the first paragraph of the first paragraph of the first paragraph of the first paragraph of the first paragraph of the first paragraph of the first paragraph of the first paragraph of the first"
2025-05-13T19:41:29.549855,hi ,
2025-05-13T21:22:51.176226,what is the capital of india,"The capital of India is **New Delhi**. New Delhi serves as the administrative and political center of the country and is part of the larger National Capital Territory (NCT) of Delhi. It became the capital in 1931, replacing Calcutta (Kolkata), under British colonial rule, to centralize governance in a more geographically strategic location."
2025-05-13T21:23:59.673269,who is Christanio Ronaldo,"It seems you're referring to **Cristiano Ronaldo** (note the correct spelling), one of the greatest footballers of all time. Here's a quick overview:

### **Who Is Cristiano Ronaldo?**
- **Full Name**: Cristiano Ronaldo dos Santos Aveiro  
- **Nationality**: Portuguese  
- **Born**: February 5, 1985, in Funchal, Madeira, Portugal  
- **Position**: Forward  

### **Career Highlights**
- **Clubs**:  
  - Sporting CP (Portugal), Manchester United (England), Real Madrid (Spain), Juventus (Italy), and currently Al-Nassr (Saudi Arabia).  
  - Known for breaking transfer records and achieving success in multiple leagues.  

- **Achievements**:  
  - 5× Ballon d'Or winner (2008, 2013, 2014, 2016, 2017).  
  - 5× UEFA Champions League titles.  
  - All-time top scorer in the UEFA Champions League and for Real Madrid.  
  - Holds the record for **most international goals** (128+ as of 2023) in men's football.  
  - Led Portugal to victory in **Euro 2016** and the **2019 UEFA Nations League**.  

- **Style of Play**:  
  - Renowned for his athleticism, speed, aerial ability, and clinical finishing.  
  - Evolved from a winger to a central striker, maintaining elite performance into his late 30s.  

### **Off the Pitch**
- Philanthropy: Donates millions to charities, including children’s hospitals and disaster relief.  
- Business Ventures: Founder of CR7 brand (clothing, fragrances, hotels, gyms).  
- Social Media: One of the most followed athletes globally, with over 600 million followers across platforms.  

Ronaldo is celebrated for his relentless work ethic, longevity, and impact on modern football. His rivalry with Lionel Messi defined an era of the sport."
2025-05-13T21:40:11.226374,"Who is MrBeast
","MrBeast, whose real name is **Jimmy Donaldson**, is a highly influential American YouTuber, philanthropist, and entrepreneur known for his extravagant stunts, viral challenges, and large-scale charitable initiatives. Here's a detailed overview:

### Key Details:
- **Real Name**: Jimmy Donaldson  
- **Birthdate**: May 7, 1998 (age 26 as of 2024)  
- **Origin**: Greenville, North Carolina, USA  
- **YouTube Channel**: Launched in 2012, now one of the most-subscribed channels globally.

### Content Style:
- **Viral Stunts & Challenges**: His videos often feature extreme challenges (e.g., ""Last to Leave Wins $X,"" recreating *Squid Game* with a $456,000 prize) and large giveaways (e.g., tipping servers $10,000, gifting cars).
- **Production Quality**: High-energy editing, cinematic visuals, and large budgets funded by reinvesting earnings.

### Philanthropy:
- **Team Trees (2019)**: Raised $23 million to plant 20 million trees with YouTuber Mark Rober.  
- **Team Seas (2021)**: Aimed to remove 30 million pounds of ocean trash, raising over $30 million.  
- **Food Pantries**: Funded food banks across the U.S. through his ""Beast Philanthropy"" initiative.

### Business Ventures:
- **MrBeast Burger**: A virtual restaurant chain launched in 2020.  
- **Feastables**: A snack brand offering chocolate bars and cookies.  
- **TV Deal**: Signed with Amazon MGM Studios for a reality competition show.

### Achievements:
- **Subscriber Milestones**: Over **245 million subscribers** across his channels (main channel, gaming, philanthropy, etc.) as of 2024.  
- **Records**: Dethroned PewDiePie as the most-subscribed individual YouTuber in 2022.  
- **Awards**: Won multiple Streamy Awards and a Kids’ Choice Award.

### Criticism:
- **Performative Philanthropy**: Some argue his generosity is geared toward views rather than genuine charity.  
- **Sustainability Concerns**: Questions about the long-term impact of his giveaways and environmental projects.

### Legacy:
MrBeast has redefined YouTube content through grand-scale entertainment and altruism, inspiring creators to blend viral appeal with social good. His business acumen and philanthropic efforts cement his status as a cultural and digital media icon."
2025-05-14T20:29:26.935297,what is IPL,"The term **IPL** can refer to different concepts depending on the context. Here are the most common meanings:

### 1. **Indian Premier League (Cricket)**  
   - The **Indian Premier League** is a professional Twenty20 cricket league in India, founded by the Board of Control for Cricket in India (BCCI) in 2008.  
   - It features franchise teams representing Indian cities, with players from around the world.  
   - The league is held annually (March–May) and is one of the most-watched cricket tournaments globally, known for its high-energy matches, star players, and massive fan following.  
   - Teams compete in a round-robin and playoff format, culminating in a final to determine the champion.

### 2. **Intense Pulsed Light (Cosmetic Treatment)**  
   - In dermatology and aesthetics, **IPL** refers to **Intense Pulsed Light** therapy.  
   - It is a non-invasive technology used for skin treatments like hair removal, reducing pigmentation, and addressing acne or sun damage by emitting broad-spectrum light pulses.

### 3. **Initial Program Load (Computing)**  
   - In computing, **IPL** can stand for **Initial Program Load**, a process similar to ""booting"" a system, where the operating system is loaded into memory to start a computer.

### 4. **Intellectual Property Law (Legal)**  
   - Sometimes abbreviated as **IPL**, though more commonly ""IP Law,"" it refers to legal frameworks protecting creations like patents, trademarks, and copyrights.

### 5. **International Proficiency License (Diving)**  
   - In scuba diving, **IPL** can denote a certification level for advanced diving skills.

### Most Likely Context:  
If your question relates to **sports**, the answer is almost certainly the **Indian Premier League (cricket)**. Let me know if you'd like details on a specific meaning!"
2025-05-14T20:56:51.791819,"write a passage on MBA in Finance Management 
what are the courses to take in MBA ",
2025-05-14T20:58:18.793441,write about MBA,"**Master of Business Administration (MBA): An Overview**

The **Master of Business Administration (MBA)** is a prestigious graduate-level degree designed to equip students with advanced skills in business management, leadership, and strategic decision-making. Recognized globally, an MBA is often pursued by professionals seeking career advancement, entrepreneurial opportunities, or a transition into leadership roles.

### **History of the MBA**
The first MBA program was introduced by **Harvard Business School** in 1908, emphasizing case-based learning and practical application of business theories. Over time, the degree gained global prominence, with universities worldwide adopting tailored curricula to meet evolving industry demands.

### **Program Structure**
MBA programs vary in format to accommodate diverse needs:
- **Full-Time MBA**: Typically 1–2 years, immersive and ideal for career switchers.
- **Part-Time/Evening MBA**: Flexible schedules for working professionals (2–4 years).
- **Executive MBA (EMBA)**: Designed for senior managers, with weekend/modular classes (1–2 years).
- **Online MBA**: Remote learning options for accessibility and flexibility.
- **Global/International MBA**: Focuses on cross-cultural business practices, often including study abroad components.

### **Curriculum**
Core courses cover foundational areas:
- **Finance**: Financial analysis, investment strategies.
- **Marketing**: Brand management, consumer behavior.
- **Operations**: Supply chain management, process optimization.
- **Strategy**: Competitive analysis, corporate governance.
- **Leadership & Ethics**: Team dynamics, ethical decision-making.

**Specializations** allow students to tailor their MBA:
- Entrepreneurship
- Data Analytics
- Sustainability
- Healthcare Management
- Technology Management

### **Why Pursue an MBA?**
1. **Career Advancement**: MBAs are valued for leadership roles (e.g., CEO, CFO) and often lead to salary increases. Graduates from top schools see median salaries exceeding $150,000 (U.S. data).
2. **Networking**: Access to alumni networks, industry events, and peer collaborations.
3. **Skill Development**: Enhances analytical, leadership, and problem-solving abilities.
4. **Entrepreneurship**: Provides tools to launch and scale ventures.
5. **Global Opportunities**: Prepares professionals for international business environments.

### **Top Business Schools**
Renowned institutions include:
- **Harvard Business School** (U.S.)
- **INSEAD** (France/Singapore)
- **Wharton School** (U.S.)
- **London Business School** (U.K.)
- **Stanford Graduate School of Business** (U.S.)

Accreditation bodies like **AACSB**, **AMBA**, and **EQUIS** ensure program quality.

### **Admission Requirements**
- **GMAT/GRE Scores**: Competitive scores (e.g., 700+ GMAT for top schools).
- **Work Experience**: 3–5 years preferred, especially for EMBAs.
- **Essays/Interviews**: Demonstrating career goals and fit.
- **Recommendations**: Professional or academic references.

### **Challenges & Considerations**
- **Cost**: Tuition ranges from $50,000 to over $150,000. Scholarships and employer sponsorships can offset expenses.
- **Time Commitment**: Balancing studies with work/personal life.
- **ROI**: Evaluate long-term career benefits against costs.

### **Emerging Trends**
- **Tech Integration**: Courses in AI, blockchain, and digital transformation.
- **Sustainability**: Focus on ESG (Environmental, Social, Governance) principles.
- **Hybrid Learning**: Blending online and in-person experiences.
- **Micro-Credentials**: Stackable certifications (e.g., in analytics) alongside traditional degrees.

### **Conclusion**
An MBA remains a transformative investment for many professionals, offering strategic knowledge, networking, and career mobility. However, success depends on aligning the program with personal goals, financial planning, and choosing the right specialization. Prospective students should research programs thoroughly and consider alternatives like specialized master’s degrees or professional certifications if better suited to their aspirations."
2025-05-14T21:04:31.451877,write Hello World in Python,"Here's how to write ""Hello World"" in Python:

```python
print(""Hello World"")
```

**Explanation:**
- The `print()` function outputs text to the console.
- The text `""Hello World""` is enclosed in quotation marks to indicate it's a string (text).
- When you run this code, it will display:  
  `Hello World`

This is the simplest Python program and a classic first step in learning any programming language."
